Doença;Slug;Prioridade;Primeira inclusão do arquivo;Palavras nas seções principais;Etiologia;Epidemiologia;Patogênese;Fisiopatologia;Sinais e mecanismos;Diagnóstico;Tratamento;Complicações;Prevenção;Arquivo;Observação
Doença do Disco Intervertebral — Gatos;doenca-do-disco-intervertebral-gatos;Alta;2026-08-16;1149;156;49;75;77;144;97;311;39;201;modules/consulta-vet/data/seed/diseases.doenca-do-disco-intervertebral-gatos.seed.ts;Menor ficha do catálogo. Diagnóstico tem 97 palavras e fisiopatologia 77. Expandir neurolocalização, interpretação da imagem e comparação dos diferenciais, decisões por gravidade e acompanhamento da recuperação.
Síndrome Cutânea Atópica Felina;sindrome-cutanea-atopica-felina;Alta;2026-08-16;1265;105;35;107;104;142;145;345;57;225;modules/consulta-vet/data/seed/diseases.sindrome-cutanea-atopica-felina.seed.ts;Diagnóstico de exclusão e opções terapêuticas já presentes, mas explicação ainda concentrada em parágrafos curtos. Aprofundar diferenças entre padrões reacionais, mimetizadores, avaliação da resposta e manutenção.
Dermatite Atópica Canina;dermatite-atopica-canina;Alta;2026-08-16;1458;167;46;124;108;147;203;372;52;239;modules/consulta-vet/data/seed/diseases.dermatite-atopica-canina.seed.ts;"Muitos tratamentos aparecem em formato de lista compacta. Aprofundar comparação e escolha entre opções, barreira cutânea/inflamação, interpretação de falhas e plano de manutenção; não falta uma lista básica de medicamentos."
Doença do Disco Intervertebral — Cães;doenca-do-disco-intervertebral-caes;Alta;2026-08-16;1581;189;64;102;116;296;201;348;55;210;modules/consulta-vet/data/seed/diseases.doenca-do-disco-intervertebral-caes.seed.ts;"Fisiopatologia e diagnóstico muito sintéticos. Expandir classificação e mecanismos, raciocínio neurológico/imagem, critérios de decisão e prognóstico/complicações; a ficha já menciona opções de tratamento."
Síndrome de Cushing — Cão;sindrome-cushing-caes;Alta;2026-08-16;1665;142;68;59;251;163;216;215;415;136;modules/consulta-vet/data/seed/diseases.sindrome-cushing-caes.seed.ts;"Há tabelas e opções terapêuticas; o texto do tratamento tem apenas 215 palavras. Aprofundar decisões nos testes discordantes e na titulação/seguimento, articulando mecanismo, resultado e conduta."
Complexo do granuloma eosinofílico felino;granuloma-eosinofilico-felino;Alta;2026-08-06;1722;125;62;82;99;190;307;448;364;45;modules/consulta-vet/data/seed/diseases.granuloma-eosinofilico-felino.seed.ts;"Fisiopatologia principal de 99 palavras. Ampliar distinção entre padrões de lesão, causas possíveis e correlação com investigação e resposta; evitar tratar o complexo como causa única."
Hipotireoidismo adquirido (cão e gato);hipotireoidismo-adquirido-caes-gatos;Alta;2026-08-16;1736;125;140;92;225;261;180;157;451;105;modules/consulta-vet/data/seed/diseases.hipotireoidismo-adquirido.seed.ts;"Há tabelas de interpretação, mas diagnóstico e tratamento principais são curtos. Aprofundar discordâncias, interferentes, diferenças entre cães/gatos e raciocínio do acompanhamento; parte da orientação está no resumo."
Bronquite crônica (cão e gato);bronquite-cronica-caes-gatos;Alta;2026-08-06;1742;127;72;97;102;171;302;489;353;29;modules/consulta-vet/data/seed/diseases.bronquite-cronica.seed.ts;Fisiopatologia principal de 102 palavras. Expandir correlação entre inflamação, remodelamento, sinais e exames e discussão de diferenciais e resposta terapêutica.
Doença Periodontal Felina;doenca-periodontal-gatos;Alta;2026-08-16;1762;152;142;141;91;176;147;275;609;29;modules/consulta-vet/data/seed/diseases.doenca-periodontal-gatos.seed.ts;Diagnóstico (147 palavras) e fisiopatologia (91) compactos; complicações também estão descritas de forma breve. Expandir avaliação das lesões, diferenciais e tomada de decisão odontológica e acompanhamento.
Hipoadrenocorticismo (Doença de Addison);hipoadrenocorticismo-addison;Alta;2026-05-25;1769;84;107;139;80;140;253;567;342;57;modules/consulta-vet/data/seed/diseases.hipoadrenocorticismo.seed.ts;"Fisiopatologia principal muito curta (80 palavras). Aprofundar formas típicas/atípicas e a relação entre cada deficiência hormonal, achados e interpretação dos exames; detalhar acompanhamento e situações especiais além do protocolo básico já presente."
Erliquiose monocítica canina (Ehrlichia canis);erliquiose-monocitica-canina;Alta;2026-05-22;1837;81;111;106;93;204;399;241;495;107;modules/consulta-vet/data/seed/diseases.erlichia.seed.ts;"Fisiopatologia e tratamento mais curtos que o diagnóstico. Aprofundar fases, mecanismos de citopenias e complicações; expandir raciocínio na falta de resposta, coinfecções e resultados discordantes. Já existe doxiciclina e orientação de monitoramento."
Tumores mamários em cães e gatos;tumores-mamarios-caes-gatos;Seguinte;2026-07-26;2010;122;97;83;76;99;478;384;564;107;modules/consulta-vet/data/seed/diseases.tumores-mamarios.seed.ts;"Aprofundar sobretudo as seções mais compactas: fisiopatologia, sinais e mecanismos. Os assuntos já podem estar presentes; a prioridade indica profundidade relativa, não ausência ou erro clínico."
Leucemia viral felina (FeLV);leucemia-viral-felina;Seguinte;2026-08-07;2047;127;83;110;80;150;329;429;571;168;modules/consulta-vet/data/seed/diseases.leucemia-viral-felina.seed.ts;"Aprofundar sobretudo as seções mais compactas: fisiopatologia, sinais e mecanismos. Os assuntos já podem estar presentes; a prioridade indica profundidade relativa, não ausência ou erro clínico."
Diabetes Mellitus Felino;diabetes-mellitus-felina;Alta;2026-06-10;2052;126;20;110;126;155;142;816;429;128;modules/consulta-vet/data/seed/diseases.diabetes-mellitus-felina.seed.ts;"Tratamento já mais desenvolvido que o diagnóstico (142 palavras) e a fisiopatologia (126). Aprofundar confirmação/discordâncias, evolução e raciocínio nos casos de resposta inadequada; evitar simplesmente acrescentar mais doses."
Doenças do trato urinário inferior felino (DTUIF);doencas-trato-urinario-inferior-felino-dtuif;Alta;2026-06-10;2087;130;143;96;83;240;197;429;556;213;modules/consulta-vet/data/seed/diseases.dtuif-felina.seed.ts;Revisar a ficha abrangente: explicar melhor como separar as causas, interpretar exames e conduzir o raciocínio após a abordagem inicial. Comparar com a ficha de cistite idiopática, hoje mais desenvolvida, evitando repetir conteúdo.
Síndrome de Cushing — Gato;sindrome-cushing-gatos;Seguinte;2026-08-16;2099;142;152;188;259;168;372;323;251;244;modules/consulta-vet/data/seed/diseases.sindrome-cushing-gatos.seed.ts;"Aprofundar sobretudo as seções mais compactas: sinais e mecanismos, fisiopatologia. Os assuntos já podem estar presentes; a prioridade indica profundidade relativa, não ausência ou erro clínico."
Gengivoestomatite crônica felina (GECF);gengivoestomatite-cronica-felina;Seguinte;2026-08-16;2126;170;51;104;226;172;309;407;561;126;modules/consulta-vet/data/seed/diseases.gengivoestomatite-cronica-felina.seed.ts;"Aprofundar sobretudo as seções mais compactas: sinais e mecanismos, fisiopatologia. Os assuntos já podem estar presentes; a prioridade indica profundidade relativa, não ausência ou erro clínico."
Fístula perianal / furunculose anal;fistula-perianal-furunculose-anal;Seguinte;2026-09-04;2149;254;113;156;157;170;257;534;266;242;modules/consulta-vet/data/seed/diseases.fistula-perianal.seed.ts;"Aprofundar sobretudo as seções mais compactas: fisiopatologia, sinais e mecanismos. Os assuntos já podem estar presentes; a prioridade indica profundidade relativa, não ausência ou erro clínico."
Cardiomiopatia dilatada (CMD);cardiomiopatia-dilatada-caes-gatos;Seguinte;2026-07-26;2159;168;102;82;84;409;418;369;447;80;modules/consulta-vet/data/seed/diseases.cardiomiopatia-dilatada.seed.ts;"Aprofundar sobretudo as seções mais compactas: fisiopatologia, tratamento. Os assuntos já podem estar presentes; a prioridade indica profundidade relativa, não ausência ou erro clínico."
Cardiomiopatia hipertrófica (CMH);cardiomiopatia-hipertrofica-caes-gatos;Seguinte;2026-07-26;2171;92;109;141;74;337;393;522;419;84;modules/consulta-vet/data/seed/diseases.cardiomiopatia-hipertrofica.seed.ts;"Aprofundar sobretudo as seções mais compactas: fisiopatologia, sinais e mecanismos. Os assuntos já podem estar presentes; a prioridade indica profundidade relativa, não ausência ou erro clínico."
Síndromes miastênicas congênitas (cão e gato);sindromes-miastenicas-congenitas-caes-gatos;Seguinte;2026-08-07;2206;203;116;218;176;205;337;469;276;206;modules/consulta-vet/data/seed/diseases.sindromes-miastenicas-congenitas.seed.ts;"Aprofundar sobretudo as seções mais compactas: fisiopatologia, sinais e mecanismos. Os assuntos já podem estar presentes; a prioridade indica profundidade relativa, não ausência ou erro clínico."
Doença Periodontal Canina;doenca-periodontal-caes;Seguinte;2026-08-16;2206;202;191;132;168;293;171;329;663;57;modules/consulta-vet/data/seed/diseases.doenca-periodontal-caes.seed.ts;"Aprofundar sobretudo as seções mais compactas: fisiopatologia, diagnóstico. Os assuntos já podem estar presentes; a prioridade indica profundidade relativa, não ausência ou erro clínico."
Diabetes Mellitus Canino;diabetes-mellitus-canina;Alta;2026-06-10;2229;155;30;115;176;148;155;953;353;144;modules/consulta-vet/data/seed/diseases.diabetes-mellitus-canina.seed.ts;"Tratamento já tem conteúdo e tabelas; diagnóstico (155 palavras) e fisiopatologia (176) estão muito mais compactos. Aprofundar interpretação de exames, investigação de descontrole e correlação com doenças associadas."
Hipertensão arterial sistêmica (HAS);hipertensao-arterial-sistemica-caes-gatos;Alta;2026-05-22;2243;690;82;97;74;221;503;192;343;41;modules/consulta-vet/data/seed/diseases.hipertensao.seed.ts;"Diagnóstico já relativamente detalhado; fisiopatologia (74 palavras) e tratamento (192) são mais compactos. Aprofundar causas, lesões em órgãos-alvo e decisões de ajuste/seguimento por contexto e espécie."
Asma felina;asma-felina;Seguinte;2026-08-06;2362;127;64;91;65;207;420;914;436;38;modules/consulta-vet/data/seed/diseases.asma-felina.seed.ts;"Aprofundar sobretudo as seções mais compactas: fisiopatologia, sinais e mecanismos. Os assuntos já podem estar presentes; a prioridade indica profundidade relativa, não ausência ou erro clínico."
Prostatite em cães e gatos;prostatite-caes-gatos;Seguinte;2026-08-16;2363;176;145;105;236;254;331;370;573;173;modules/consulta-vet/data/seed/diseases.prostatite-caes-gatos.seed.ts;"Aprofundar sobretudo as seções mais compactas: fisiopatologia, sinais e mecanismos. Os assuntos já podem estar presentes; a prioridade indica profundidade relativa, não ausência ou erro clínico."
Cardiomiopatia restritiva felina (CMR / RCM);cardiomiopatia-restritiva-felina;Seguinte;2026-07-26;2382;204;116;206;187;219;382;559;244;265;modules/consulta-vet/data/seed/diseases.cardiomiopatia-restritiva.seed.ts;"Aprofundar sobretudo as seções mais compactas: fisiopatologia, sinais e mecanismos. Os assuntos já podem estar presentes; a prioridade indica profundidade relativa, não ausência ou erro clínico."
Micoplasmoses hemotrópicas (hemoplasmas) em pequenos animais;micoplasmoses-hemotropicas;Alta;2026-05-22;2458;249;144;242;156;155;421;574;261;256;modules/consulta-vet/data/seed/diseases.hemoplasma.seed.ts;"Ficha antiga e abaixo da mediana de extensão. Aprofundar mecanismos, interpretação integrada dos testes e diferenças entre espécies/agentes; diagnóstico e tratamento já estão presentes."
Hipotireoidismo congênito (cão e gato);hipotireoidismo-congenito-caes-gatos;Seguinte;2026-08-16;2467;451;115;227;403;226;298;277;228;242;modules/consulta-vet/data/seed/diseases.hipotireoidismo-congenito.seed.ts;"Aprofundar sobretudo as seções mais compactas: sinais e mecanismos, tratamento. Os assuntos já podem estar presentes; a prioridade indica profundidade relativa, não ausência ou erro clínico."
Miastenia gravis adquirida (cão e gato);miastenia-gravis-caes-gatos;Seguinte;2026-08-07;2646;281;156;104;187;394;379;624;423;98;modules/consulta-vet/data/seed/diseases.miastenia-gravis.seed.ts;"Aprofundar sobretudo as seções mais compactas: fisiopatologia, diagnóstico. Os assuntos já podem estar presentes; a prioridade indica profundidade relativa, não ausência ou erro clínico."
Babesiose canina;babesiose-canina;Seguinte;2026-06-27;2674;183;182;264;213;226;442;588;296;280;modules/consulta-vet/data/seed/diseases.babesiose.seed.ts;"Aprofundar sobretudo as seções mais compactas: fisiopatologia, sinais e mecanismos. Os assuntos já podem estar presentes; a prioridade indica profundidade relativa, não ausência ou erro clínico."
Leishmaniose visceral canina (leishmaniose canina por L. infantum);leishmaniose-visceral-canina;Seguinte;2026-05-22;2877;309;239;96;89;64;411;676;490;503;modules/consulta-vet/data/seed/diseases.leishmaniose.seed.ts;"Aprofundar sobretudo as seções mais compactas: sinais e mecanismos, fisiopatologia. Os assuntos já podem estar presentes; a prioridade indica profundidade relativa, não ausência ou erro clínico."
Vírus da imunodeficiência felina (FIV);imunodeficiencia-felina-fiv;Sem prioridade por extensão;2026-08-07;3126;219;181;186;195;345;375;755;547;323;modules/consulta-vet/data/seed/diseases.imunodeficiencia-felina-fiv.seed.ts;"Aprofundar sobretudo as seções mais compactas: fisiopatologia, sinais e mecanismos. Os assuntos já podem estar presentes; a prioridade indica profundidade relativa, não ausência ou erro clínico."
Insulinoma em cães e gatos;insulinoma-caes-gatos;Sem prioridade por extensão;2026-08-16;3242;203;173;86;256;261;568;1201;425;69;modules/consulta-vet/data/seed/diseases.insulinoma-caes-gatos.seed.ts;"Aprofundar sobretudo as seções mais compactas: fisiopatologia, sinais e mecanismos. Os assuntos já podem estar presentes; a prioridade indica profundidade relativa, não ausência ou erro clínico."
Linfoma cutâneo;linfoma-cutaneo-caes-gatos;Sem prioridade por extensão;2026-09-13;3269;441;289;179;217;156;915;848;129;95;modules/consulta-vet/data/seed/diseases.linfoma-cutaneo.seed.ts;"Aprofundar sobretudo as seções mais compactas: sinais e mecanismos, fisiopatologia. Os assuntos já podem estar presentes; a prioridade indica profundidade relativa, não ausência ou erro clínico."
Insuficiência pancreática exócrina (IPE/EPI);insuficiencia-pancreatica-exocrina-caes-gatos;Sem prioridade por extensão;2026-08-07;3381;216;143;103;407;359;833;518;569;233;modules/consulta-vet/data/seed/diseases.insuficiencia-pancreatica-exocrina-caes-gatos.seed.ts;"Aprofundar sobretudo as seções mais compactas: sinais e mecanismos, fisiopatologia. Os assuntos já podem estar presentes; a prioridade indica profundidade relativa, não ausência ou erro clínico."
Doença renal crônica (DRC);doenca-renal-cronica-caes-gatos;Alta;2026-05-22;3424;150;107;76;217;172;731;1420;518;33;modules/consulta-vet/data/seed/diseases.drc.seed.ts;"Prioridade solicitada por você. Já há estadiamento, tabelas e tratamento; aprofundar a cadeia lesão renal → alterações laboratoriais/sinais, diferenças entre causas e espécies e decisões nos casos difíceis. A fisiopatologia principal tem apenas 217 palavras; parte da explicação está dispersa nas complicações."
Peritonite infecciosa felina (PIF/FIP);peritonite-infecciosa-felina;Sem prioridade por extensão;2026-08-07;3587;184;95;159;442;285;1332;380;554;156;modules/consulta-vet/data/seed/diseases.peritonite-infecciosa-felina.seed.ts;"Aprofundar sobretudo as seções mais compactas: sinais e mecanismos, tratamento. Os assuntos já podem estar presentes; a prioridade indica profundidade relativa, não ausência ou erro clínico."
Doença valvar mitral degenerativa (DMVD / endocardiose);doenca-valvar-mitral-degenerativa-caes;Sem prioridade por extensão;2026-05-22;3598;237;166;183;130;321;787;1230;449;95;modules/consulta-vet/data/seed/diseases.dmvd.seed.ts;"Aprofundar sobretudo as seções mais compactas: fisiopatologia, sinais e mecanismos. Os assuntos já podem estar presentes; a prioridade indica profundidade relativa, não ausência ou erro clínico."
Cistoisosporose em cães e gatos;coccidiose-caes-gatos;Sem prioridade por extensão;2026-08-16;3699;480;173;120;103;249;839;1111;473;151;modules/consulta-vet/data/seed/diseases.coccidiose-caes-gatos.seed.ts;"Aprofundar sobretudo as seções mais compactas: fisiopatologia, sinais e mecanismos. Os assuntos já podem estar presentes; a prioridade indica profundidade relativa, não ausência ou erro clínico."
Giardíase em cães e gatos;giardiase-caes-gatos;Sem prioridade por extensão;2026-08-16;3803;484;228;125;149;227;803;1133;534;120;modules/consulta-vet/data/seed/diseases.giardiase-caes-gatos.seed.ts;"Aprofundar sobretudo as seções mais compactas: fisiopatologia, sinais e mecanismos. Os assuntos já podem estar presentes; a prioridade indica profundidade relativa, não ausência ou erro clínico."
Leishmaniose em Cães e Gatos;leishmaniose-caes-gatos;Sem prioridade por extensão;2026-09-18;3884;835;314;267;273;782;393;652;127;241;modules/consulta-vet/data/seed/diseases.leishmaniose-caes-gatos.seed.ts;"Aprofundar sobretudo as seções mais compactas: fisiopatologia, diagnóstico. Os assuntos já podem estar presentes; a prioridade indica profundidade relativa, não ausência ou erro clínico."
Hipertireoidismo felino;hipertireoidismo-felino;Sem prioridade por extensão;2026-05-25;4069;270;152;166;537;241;757;1156;381;409;modules/consulta-vet/data/seed/diseases.hipertireoidismo.seed.ts;"Aprofundar sobretudo as seções mais compactas: sinais e mecanismos, fisiopatologia. Os assuntos já podem estar presentes; a prioridade indica profundidade relativa, não ausência ou erro clínico."
Lesão Renal Aguda em Cães (LRA / IRA / AKI);lesao-renal-aguda-canina;Sem prioridade por extensão;2026-10-01;4172;766;431;235;291;162;494;1298;330;165;modules/consulta-vet/data/seed/diseases.lesao-renal-aguda-canina.seed.ts;"Aprofundar sobretudo as seções mais compactas: sinais e mecanismos, fisiopatologia. Os assuntos já podem estar presentes; a prioridade indica profundidade relativa, não ausência ou erro clínico."
Platinosomose Felina;platinosomose-felina;Sem prioridade por extensão;2026-09-27;4369;604;231;312;315;609;702;1158;231;207;modules/consulta-vet/data/seed/diseases.platinosomose-felina.seed.ts;"Aprofundar sobretudo as seções mais compactas: fisiopatologia, sinais e mecanismos. Os assuntos já podem estar presentes; a prioridade indica profundidade relativa, não ausência ou erro clínico."
Cistite Idiopática Felina (CIF / FIC);cistite-idiopatica-felina;Sem prioridade por extensão;2026-09-18;4407;847;353;210;422;594;464;1119;181;217;modules/consulta-vet/data/seed/diseases.cistite-idiopatica-felina.seed.ts;"Aprofundar sobretudo as seções mais compactas: fisiopatologia, diagnóstico. Os assuntos já podem estar presentes; a prioridade indica profundidade relativa, não ausência ou erro clínico."
Colapso Traqueal em Cães e Gatos;colapso-traqueal-canino;Sem prioridade por extensão;2026-05-22;4512;590;272;212;202;374;483;2182;103;94;modules/consulta-vet/data/seed/diseases.colapso-traqueal.seed.ts;"Aprofundar sobretudo as seções mais compactas: fisiopatologia, sinais e mecanismos. Os assuntos já podem estar presentes; a prioridade indica profundidade relativa, não ausência ou erro clínico."
Arritmias cardíacas em cães e gatos;arritmias-cardiacas-caes-gatos;Sem prioridade por extensão;2026-08-16;4691;310;202;98;279;327;960;1957;427;131;modules/consulta-vet/data/seed/diseases.arritmias-cardiacas-caes-gatos.seed.ts;"Aprofundar sobretudo as seções mais compactas: fisiopatologia, sinais e mecanismos. Os assuntos já podem estar presentes; a prioridade indica profundidade relativa, não ausência ou erro clínico."
Brucelose em Cães e Gatos (Brucella canis);brucelose-caes-gatos;Sem prioridade por extensão;2026-10-01;4772;517;412;480;321;378;966;577;722;399;modules/consulta-vet/data/seed/diseases.brucelose-caes-gatos.seed.ts;"Aprofundar sobretudo as seções mais compactas: fisiopatologia, sinais e mecanismos. Os assuntos já podem estar presentes; a prioridade indica profundidade relativa, não ausência ou erro clínico."
Obstrução Funcional do Fluxo Urinário em Cães (FOO);obstrucao-funcional-fluxo-urinario-caes;Sem prioridade por extensão;2026-10-01;4941;1315;244;109;111;380;778;1256;346;402;modules/consulta-vet/data/seed/diseases.obstrucao-funcional-fluxo-urinario-caes.seed.ts;"Aprofundar sobretudo as seções mais compactas: fisiopatologia, sinais e mecanismos. Os assuntos já podem estar presentes; a prioridade indica profundidade relativa, não ausência ou erro clínico."
Cistite Enfisematosa em Cães e Gatos;cistite-enfisematosa-caes-gatos;Sem prioridade por extensão;2026-09-14;5052;974;379;200;263;496;668;1680;202;190;modules/consulta-vet/data/seed/diseases.cistite-enfisematosa-caes-gatos.seed.ts;"Aprofundar sobretudo as seções mais compactas: fisiopatologia, sinais e mecanismos. Os assuntos já podem estar presentes; a prioridade indica profundidade relativa, não ausência ou erro clínico."
Trombocitopenia em Cães e Gatos;trombocitopenia-caes-gatos;Sem prioridade por extensão;2026-09-15;5188;1041;409;232;236;496;1051;1396;216;111;modules/consulta-vet/data/seed/diseases.trombocitopenia-caes-gatos.seed.ts;"Aprofundar sobretudo as seções mais compactas: fisiopatologia, sinais e mecanismos. Os assuntos já podem estar presentes; a prioridade indica profundidade relativa, não ausência ou erro clínico."
Paralisia Laríngea em Cães e Gatos (GOLPP / LPPN);paralisia-laringea-caes-gatos;Sem prioridade por extensão;2026-10-01;5249;802;418;0;628;0;859;1195;989;358;modules/consulta-vet/data/seed/diseases.paralisia-laringea-caes-gatos.seed.ts;"Aprofundar sobretudo as seções mais compactas: sinais e mecanismos, fisiopatologia. Os assuntos já podem estar presentes; a prioridade indica profundidade relativa, não ausência ou erro clínico."
Hiperparatireoidismo em cães e gatos;hiperparatireoidismo-caes-gatos;Sem prioridade por extensão;2026-08-16;5303;689;407;200;570;385;838;1270;682;262;modules/consulta-vet/data/seed/diseases.hiperparatireoidismo-caes-gatos.seed.ts;"Aprofundar sobretudo as seções mais compactas: sinais e mecanismos, fisiopatologia. Os assuntos já podem estar presentes; a prioridade indica profundidade relativa, não ausência ou erro clínico."
Discinesia Paroxística em Cães e Gatos;discinesia-paroxistica-caes-gatos;Sem prioridade por extensão;2026-09-18;5383;1278;213;264;191;660;874;1613;141;149;modules/consulta-vet/data/seed/diseases.discinesia-paroxistica-caes-gatos.seed.ts;"Aprofundar sobretudo as seções mais compactas: fisiopatologia, sinais e mecanismos. Os assuntos já podem estar presentes; a prioridade indica profundidade relativa, não ausência ou erro clínico."
Síndrome mielodisplásica (MDS);sindrome-mielodisplasica-caes-gatos;Sem prioridade por extensão;2026-09-13;5565;713;227;246;699;622;1018;1283;522;235;modules/consulta-vet/data/seed/diseases.sindrome-mielodisplasica.seed.ts;"Aprofundar sobretudo as seções mais compactas: sinais e mecanismos, fisiopatologia. Os assuntos já podem estar presentes; a prioridade indica profundidade relativa, não ausência ou erro clínico."
Megacólon;megacolon-caes-gatos;Sem prioridade por extensão;2026-09-13;5637;1021;670;204;291;523;962;1480;199;287;modules/consulta-vet/data/seed/diseases.megacolon.seed.ts;"Aprofundar sobretudo as seções mais compactas: fisiopatologia, sinais e mecanismos. Os assuntos já podem estar presentes; a prioridade indica profundidade relativa, não ausência ou erro clínico."
Anemia Hemolítica Imunomediada em Cães (AHIM / IMHA);anemia-hemolitica-imunomediada-canina;Sem prioridade por extensão;2026-09-27;5694;423;294;437;574;426;894;2198;256;192;modules/consulta-vet/data/seed/diseases.ahim-canina.seed.ts;"Aprofundar sobretudo as seções mais compactas: sinais e mecanismos, fisiopatologia. Os assuntos já podem estar presentes; a prioridade indica profundidade relativa, não ausência ou erro clínico."
Mastite em cadelas e gatas;mastite-caes-gatos;Sem prioridade por extensão;2026-07-26;5828;563;238;435;446;769;934;1712;361;370;modules/consulta-vet/data/seed/diseases.mastite.seed.ts;"Aprofundar sobretudo as seções mais compactas: fisiopatologia, sinais e mecanismos. Os assuntos já podem estar presentes; a prioridade indica profundidade relativa, não ausência ou erro clínico."
Polirradiculoneurite Aguda em Cães e Gatos (ACP / AIP);polirradiculoneurite-caes-gatos;Sem prioridade por extensão;2026-10-01;5890;938;391;439;729;390;913;1115;712;263;modules/consulta-vet/data/seed/diseases.polirradiculoneurite-caes-gatos.seed.ts;"Aprofundar sobretudo as seções mais compactas: sinais e mecanismos, fisiopatologia. Os assuntos já podem estar presentes; a prioridade indica profundidade relativa, não ausência ou erro clínico."
Sepse e Choque Séptico em Felinos;sepse-felina;Sem prioridade por extensão;2026-10-01;6077;902;465;105;565;577;823;1777;695;168;modules/consulta-vet/data/seed/diseases.sepse-felina.seed.ts;"Aprofundar sobretudo as seções mais compactas: fisiopatologia, sinais e mecanismos. Os assuntos já podem estar presentes; a prioridade indica profundidade relativa, não ausência ou erro clínico."
Intermação em Cães e Gatos;intermacao-caes-gatos;Sem prioridade por extensão;2026-10-01;6131;647;509;596;363;695;671;1562;829;259;modules/consulta-vet/data/seed/diseases.intermacao-caes-gatos.seed.ts;"Aprofundar sobretudo as seções mais compactas: fisiopatologia, diagnóstico. Os assuntos já podem estar presentes; a prioridade indica profundidade relativa, não ausência ou erro clínico."
Anemia em Cães e Gatos;anemia-caes-gatos;Sem prioridade por extensão;2026-09-15;6151;1164;363;283;210;1001;1482;1055;262;331;modules/consulta-vet/data/seed/diseases.anemia-caes-gatos.seed.ts;"Aprofundar sobretudo as seções mais compactas: fisiopatologia, sinais e mecanismos. Os assuntos já podem estar presentes; a prioridade indica profundidade relativa, não ausência ou erro clínico."
Tríade Felina;triade-felina;Sem prioridade por extensão;2026-09-27;6208;578;247;256;1037;594;938;1913;364;281;modules/consulta-vet/data/seed/diseases.triade-felina.seed.ts;"Aprofundar sobretudo as seções mais compactas: sinais e mecanismos, diagnóstico. Os assuntos já podem estar presentes; a prioridade indica profundidade relativa, não ausência ou erro clínico."
Lesão Renal Aguda em Felinos (LRA / AKI);lesao-renal-aguda-felina;Sem prioridade por extensão;2026-10-01;6312;1031;946;139;562;112;596;1705;1033;188;modules/consulta-vet/data/seed/diseases.lesao-renal-aguda-felina.seed.ts;"Aprofundar sobretudo as seções mais compactas: sinais e mecanismos, fisiopatologia. Os assuntos já podem estar presentes; a prioridade indica profundidade relativa, não ausência ou erro clínico."
Megaesôfago em Cães e Gatos;megaesofago-caes-gatos;Sem prioridade por extensão;2026-10-01;6358;892;469;337;552;615;783;1140;1057;513;modules/consulta-vet/data/seed/diseases.megaesofago-caes-gatos.seed.ts;"Aprofundar sobretudo as seções mais compactas: fisiopatologia, sinais e mecanismos. Os assuntos já podem estar presentes; a prioridade indica profundidade relativa, não ausência ou erro clínico."
Cetoacidose diabética em cães e gatos;cetoacidose-diabetica-caes-gatos;Sem prioridade por extensão;2026-08-16;6380;255;349;215;1341;281;1135;2250;418;136;modules/consulta-vet/data/seed/diseases.cetoacidose-diabetica-caes-gatos.seed.ts;"Aprofundar sobretudo as seções mais compactas: sinais e mecanismos, diagnóstico. Os assuntos já podem estar presentes; a prioridade indica profundidade relativa, não ausência ou erro clínico."
Sepse e Choque Séptico em Cães;sepse-canina;Sem prioridade por extensão;2026-10-01;6411;1165;194;645;637;733;735;1701;324;277;modules/consulta-vet/data/seed/diseases.sepse-canina.seed.ts;"Aprofundar sobretudo as seções mais compactas: fisiopatologia, sinais e mecanismos. Os assuntos já podem estar presentes; a prioridade indica profundidade relativa, não ausência ou erro clínico."
Linfoma Mediastinal em Cães e Gatos;linfoma-mediastinal-caes-gatos;Sem prioridade por extensão;2026-09-13;6476;924;349;275;264;834;1105;2526;99;100;modules/consulta-vet/data/seed/diseases.linfoma-mediastinal.seed.ts;"Aprofundar sobretudo as seções mais compactas: fisiopatologia, sinais e mecanismos. Os assuntos já podem estar presentes; a prioridade indica profundidade relativa, não ausência ou erro clínico."
Pielonefrite em Cães e Gatos (Pielonefrite Bacteriana / Fúngica);pielonefrite-caes-gatos;Sem prioridade por extensão;2026-10-01;7120;1129;841;521;652;268;1239;1396;868;206;modules/consulta-vet/data/seed/diseases.pielonefrite-caes-gatos.seed.ts;"Aprofundar sobretudo as seções mais compactas: sinais e mecanismos, fisiopatologia. Os assuntos já podem estar presentes; a prioridade indica profundidade relativa, não ausência ou erro clínico."
Quilotórax em Gatos e Cães;quilotorax-caes-gatos;Sem prioridade por extensão;2026-09-14;7267;1381;498;305;616;760;1017;2465;112;113;modules/consulta-vet/data/seed/diseases.quilotorax.seed.ts;"Aprofundar sobretudo as seções mais compactas: fisiopatologia, sinais e mecanismos. Os assuntos já podem estar presentes; a prioridade indica profundidade relativa, não ausência ou erro clínico."
Tétano em Cães e Gatos (Clostridium tetani);tetano-caes-gatos;Sem prioridade por extensão;2026-10-01;7761;963;630;681;863;523;1063;1754;943;341;modules/consulta-vet/data/seed/diseases.tetano-caes-gatos.seed.ts;"Aprofundar sobretudo as seções mais compactas: sinais e mecanismos, fisiopatologia. Os assuntos já podem estar presentes; a prioridade indica profundidade relativa, não ausência ou erro clínico."
Piotórax em Cães e Gatos;piotorax-caes-gatos;Sem prioridade por extensão;2026-09-14;8207;1259;448;345;642;921;1059;3045;218;270;modules/consulta-vet/data/seed/diseases.piotorax.seed.ts;"Aprofundar sobretudo as seções mais compactas: fisiopatologia, sinais e mecanismos. Os assuntos já podem estar presentes; a prioridade indica profundidade relativa, não ausência ou erro clínico."
Coagulação intravascular disseminada (CID/DIC);coagulacao-intravascular-disseminada-caes-gatos;Sem prioridade por extensão;2026-09-08;8294;993;399;344;503;992;2052;2536;203;272;modules/consulta-vet/data/seed/diseases.coagulacao-intravascular-disseminada.seed.ts;"Aprofundar sobretudo as seções mais compactas: fisiopatologia, sinais e mecanismos. Os assuntos já podem estar presentes; a prioridade indica profundidade relativa, não ausência ou erro clínico."
